-- default domain policy
INSERT INTO domain_access_policy(id) VALUES (1);
INSERT INTO domain_access_rule(id, domain_access_rule_type, domain_id, domain_access_policy_id, rule_index) VALUES (1, 0, null, 1,0);
INSERT INTO domain_policy(id, uuid, label, domain_access_policy_id) VALUES (1, 'DefaultDomainPolicy', 'DefaultDomainPolicy', 1);

-- Root domain (application domain)
INSERT INTO domain_abstract(id, type , uuid, label, enable, template, description, default_role, default_locale, purge_step,user_provider_id, domain_policy_id, parent_id, mailconfig_id) VALUES (1, 0, 'LinShareRootDomain', 'LinShareRootDomain', true, false, 'The root application domain', 3, 'en','IN_USE', null, 1, null, null);

-- Default mime policy
INSERT INTO mime_policy(id, domain_id, uuid, name, mode, displayable, version, creation_date, modification_date) VALUES(1, 1, '3d6d8800-e0f7-11e3-8ec0-080027c0eef0', 'Default Mime Policy', 0, 0, 1, now(), now());
UPDATE domain_abstract SET mime_policy_id=1;


-- login is e-mail address 'root@localhost.localdomain' and password is 'adminlinshare'
INSERT INTO account(id, mail, account_type, ls_uuid, creation_date, modification_date, role_id, locale, external_mail_locale, cmis_locale, enable, password, destroyed, domain_id, purge_step) VALUES (1, 'root@localhost.localdomain', 6, 'root@localhost.localdomain', current_date(), current_date(), 3, 'en', 'en', 'en', true, 'JYRd2THzjEqTGYq3gjzUh2UBso8=', 0, 1, 'IN_USE');
INSERT INTO users(account_id, First_name, Last_name, Can_upload, Comment, Restricted, CAN_CREATE_GUEST, inconsistent) VALUES (1, 'Administrator', 'LinShare', true, '', false, false, false);

-- system account :
INSERT INTO account(id, mail, account_type, ls_uuid, creation_date, modification_date, role_id, locale, external_mail_locale, cmis_locale, enable, destroyed, domain_id, purge_step) VALUES (2, 'system', 7, 'system', current_date(), current_date(), 3, 'en', 'en', 'en', true, 0, 1, 'IN_USE');

-- system account for upload-request:
INSERT INTO account(id, mail, account_type, ls_uuid, creation_date, modification_date, role_id, locale, external_mail_locale, cmis_locale, enable, destroyed, domain_id, purge_step) VALUES (3, 'system-account-uploadrequest', 7, 'system-account-uploadrequest', current_date(), current_date(), 3, 'en', 'en', 'en', true, false, 1, 'IN_USE');


-- system
-- OBM user ldap pattern.
INSERT INTO ldap_pattern(
    id,
    uuid,
    pattern_type,
    label,
    description,
    auth_command,
    search_user_command,
    system,
    auto_complete_command_on_first_and_last_name,
    auto_complete_command_on_all_attributes,
    search_page_size,
    search_size_limit,
    completion_page_size,
    completion_size_limit,
    creation_date,
    modification_date)
VALUES (
    1,
    'cd26e59d-6d4c-41b4-a0eb-610fd42e1beb',
    'USER_LDAP_PATTERN',
    'default-pattern-obm',
    'This is pattern the default pattern for the ldap obm structure.',
    'ldap.search(domain, "(&(objectClass=obmUser)(mail=*)(givenName=*)(sn=*)(|(mail="+login+")(uid="+login+")))");',
    'ldap.search(domain, "(&(objectClass=obmUser)(mail="+mail+")(givenName="+first_name+")(sn="+last_name+"))");',
    true,
    'ldap.search(domain, "(&(objectClass=obmUser)(mail=*)(givenName=*)(sn=*)(|(&(sn=" + first_name + ")(givenName=" + last_name + "))(&(sn=" + last_name + ")(givenName=" + first_name + "))))");',
    'ldap.search(domain, "(&(objectClass=obmUser)(mail=*)(givenName=*)(sn=*)(|(mail=" + pattern + ")(sn=" + pattern + ")(givenName=" + pattern + ")))");',
    100,
    100,
    10,
    10,
    now(),
    now()
);
INSERT INTO ldap_attribute(id, field, attribute, sync, system, enable, ldap_pattern_id, completion)
	VALUES (1, 'user_mail', 'mail', false, true, true, 1, true);
INSERT INTO ldap_attribute(id, field, attribute, sync, system, enable, ldap_pattern_id, completion)
	VALUES (2, 'user_firstname', 'givenName', false, true, true, 1, true);
INSERT INTO ldap_attribute(id, field, attribute, sync, system, enable, ldap_pattern_id, completion)
	VALUES (3, 'user_lastname', 'sn', false, true, true, 1, true);
INSERT INTO ldap_attribute(id, field, attribute, sync, system, enable, ldap_pattern_id, completion)
	VALUES (4, 'user_uid', 'uid', false, true, true, 1, false);

-- Active Directory domain pattern.
INSERT INTO ldap_pattern(
    id,
    uuid,
    pattern_type,
    label,
    description,
    auth_command,
    search_user_command,
    system,
    auto_complete_command_on_first_and_last_name,
    auto_complete_command_on_all_attributes,
    search_page_size,
    search_size_limit,
    completion_page_size,
    completion_size_limit,
    creation_date,
    modification_date)
VALUES (
    2,
    'af7ceb1e-9268-4b20-af80-21fa4bd5222c',
    'USER_LDAP_PATTERN',
    'default-pattern-AD',
    'This is pattern the default pattern for the Active Directory structure.',
    'ldap.search(domain, "(&(objectClass=user)(mail=*)(givenName=*)(sn=*)(|(mail="+login+")(sAMAccountName="+login+")))");',
    'ldap.search(domain, "(&(objectClass=user)(mail="+mail+")(givenName="+first_name+")(sn="+last_name+"))");',
    true,
    'ldap.search(domain, "(&(objectClass=user)(mail=*)(givenName=*)(sn=*)(|(&(sn=" + first_name + ")(givenName=" + last_name + "))(&(sn=" + last_name + ")(givenName=" + first_name + "))))");',
    'ldap.search(domain, "(&(objectClass=user)(mail=*)(givenName=*)(sn=*)(|(mail=" + pattern + ")(sn=" + pattern + ")(givenName=" + pattern + ")))");',
    100,
    100,
    10,
    10,
    now(),
    now()
);
INSERT INTO ldap_attribute(id, field, attribute, sync, system, enable, ldap_pattern_id, completion)
	VALUES (5, 'user_mail', 'mail', false, true, true, 2, true);
INSERT INTO ldap_attribute(id, field, attribute, sync, system, enable, ldap_pattern_id, completion)
	VALUES (6, 'user_firstname', 'givenName', false, true, true, 2, true);
INSERT INTO ldap_attribute(id, field, attribute, sync, system, enable, ldap_pattern_id, completion)
	VALUES (7, 'user_lastname', 'sn', false, true, true, 2, true);
INSERT INTO ldap_attribute(id, field, attribute, sync, system, enable, ldap_pattern_id, completion)
	VALUES (8, 'user_uid', 'sAMAccountName', false, true, true, 2, false);

-- OpenLdap ldap pattern.
INSERT INTO ldap_pattern(
    id,
    uuid,
    pattern_type,
    label,
    description,
    auth_command,
    search_user_command,
    system,
    auto_complete_command_on_first_and_last_name,
    auto_complete_command_on_all_attributes,
    search_page_size,
    search_size_limit,
    completion_page_size,
    completion_size_limit,
    creation_date,
    modification_date)
VALUES (
    3,
    '868400c0-c12e-456a-8c3c-19e985290586',
    'USER_LDAP_PATTERN',
    'default-pattern-openldap',
    'This is pattern the default pattern for the OpenLdap structure.',
    'ldap.search(domain, "(&(objectClass=inetOrgPerson)(mail=*)(givenName=*)(sn=*)(|(mail="+login+")(uid="+login+")))");',
    'ldap.search(domain, "(&(objectClass=inetOrgPerson)(mail="+mail+")(givenName="+first_name+")(sn="+last_name+"))");',
    true,
    'ldap.search(domain, "(&(objectClass=inetOrgPerson)(mail=*)(givenName=*)(sn=*)(|(&(sn=" + first_name + ")(givenName=" + last_name + "))(&(sn=" + last_name + ")(givenName=" + first_name + "))))");',
    'ldap.search(domain, "(&(objectClass=inetOrgPerson)(mail=*)(givenName=*)(sn=*)(|(mail=" + pattern + ")(sn=" + pattern + ")(givenName=" + pattern + ")))");',
    100,
    100,
    10,
    10,
    now(),
    now()
);
INSERT INTO ldap_attribute(id, field, attribute, sync, system, enable, ldap_pattern_id, completion)
	VALUES (9, 'user_mail', 'mail', false, true, true, 3, true);
INSERT INTO ldap_attribute(id, field, attribute, sync, system, enable, ldap_pattern_id, completion)
	VALUES (10, 'user_firstname', 'givenName', false, true, true, 3, true);
INSERT INTO ldap_attribute(id, field, attribute, sync, system, enable, ldap_pattern_id, completion)
	VALUES (11, 'user_lastname', 'sn', false, true, true, 3, true);
INSERT INTO ldap_attribute(id, field, attribute, sync, system, enable, ldap_pattern_id, completion)
	VALUES (12, 'user_uid', 'uid', false, true, true, 3, false);
