INSERT INTO mail_layout (creation_date,description,domain_abstract_id,id,layout,messages_english,messages_french,messages_russian,messages_vietnamese,modification_date,readonly,uuid,visible) VALUES (NOW(),'Default HTML layout',1,1,'','','','','',NOW(),true,'15044750-89d1-11e3-8d50-5404a683a462',true);

INSERT INTO mail_config (creation_date,domain_abstract_id,id,mail_layout_id,modification_date,name,readonly,uuid,visible) VALUES (NOW(),1,1,1,NOW(),'Default mail config',true,'946b190d-4c95-485f-bfe6-d288a2de1edd',true);

INSERT INTO mail_content (body,creation_date,description,domain_abstract_id,id,mail_content_type,messages_english,messages_french,messages_russian,messages_vietnamese,modification_date,readonly,subject,uuid,visible) VALUES ('',NOW(),NULL,1,1,1,'','','','',NOW(),true,'','1507e9c0-c1e1-4e0f-9efb-506f63cbba97',true);

INSERT INTO mail_content (body,creation_date,description,domain_abstract_id,id,mail_content_type,messages_english,messages_french,messages_russian,messages_vietnamese,modification_date,readonly,subject,uuid,visible) VALUES ('',NOW(),NULL,1,2,2,'','','','',NOW(),true,'','250e4572-7bb9-4735-84ff-6a8af93e3a42',true);

INSERT INTO mail_content (body,creation_date,description,domain_abstract_id,id,mail_content_type,messages_english,messages_french,messages_russian,messages_vietnamese,modification_date,readonly,subject,uuid,visible) VALUES ('',NOW(),NULL,1,3,3,'','','','',NOW(),true,'','01e0ac2e-f7ba-11e4-901b-08002722e7b1',true);

INSERT INTO mail_content (body,creation_date,description,domain_abstract_id,id,mail_content_type,messages_english,messages_french,messages_russian,messages_vietnamese,modification_date,readonly,subject,uuid,visible) VALUES ('',NOW(),NULL,1,4,4,'','','','',NOW(),true,'','403e5d8b-bc38-443d-8b94-bab39a4460af',true);

INSERT INTO mail_content (body,creation_date,description,domain_abstract_id,id,mail_content_type,messages_english,messages_french,messages_russian,messages_vietnamese,modification_date,readonly,subject,uuid,visible) VALUES ('',NOW(),NULL,1,5,5,'','','','',NOW(),true,'','554a3a2b-53b1-4ec8-9462-2d6053b80078',true);

INSERT INTO mail_content (body,creation_date,description,domain_abstract_id,id,mail_content_type,messages_english,messages_french,messages_russian,messages_vietnamese,modification_date,readonly,subject,uuid,visible) VALUES ('',NOW(),NULL,1,6,6,'','','','',NOW(),true,'','e7bf56c2-b015-4e64-9f07-3c7e2f3f9ca8',true);

INSERT INTO mail_content (body,creation_date,description,domain_abstract_id,id,mail_content_type,messages_english,messages_french,messages_russian,messages_vietnamese,modification_date,readonly,subject,uuid,visible) VALUES ('',NOW(),NULL,1,7,7,'','','','',NOW(),true,'','eb291876-53fc-419b-831b-53a480399f7c',true);

INSERT INTO mail_content (body,creation_date,description,domain_abstract_id,id,mail_content_type,messages_english,messages_french,messages_russian,messages_vietnamese,modification_date,readonly,subject,uuid,visible) VALUES ('',NOW(),NULL,1,8,8,'','','','',NOW(),true,'','a1ca74a5-433d-444a-8e53-8daa08fa0ddb',true);

INSERT INTO mail_content (body,creation_date,description,domain_abstract_id,id,mail_content_type,messages_english,messages_french,messages_russian,messages_vietnamese,modification_date,readonly,subject,uuid,visible) VALUES ('',NOW(),NULL,1,9,9,'','','','',NOW(),true,'','753d57a8-4fcc-4346-ac92-f71828aca77c',true);

INSERT INTO mail_content (body,creation_date,description,domain_abstract_id,id,mail_content_type,messages_english,messages_french,messages_russian,messages_vietnamese,modification_date,readonly,subject,uuid,visible) VALUES ('',NOW(),NULL,1,10,10,'','','','',NOW(),true,'','5ea27e5b-9260-4ce1-b1bd-27372c5b653d',true);

INSERT INTO mail_content (body,creation_date,description,domain_abstract_id,id,mail_content_type,messages_english,messages_french,messages_russian,messages_vietnamese,modification_date,readonly,subject,uuid,visible) VALUES ('',NOW(),NULL,1,11,11,'','','','',NOW(),true,'','48fee30b-b2d3-4f85-b9ee-22044f9dbb4d',true);

INSERT INTO mail_content (body,creation_date,description,domain_abstract_id,id,mail_content_type,messages_english,messages_french,messages_russian,messages_vietnamese,modification_date,readonly,subject,uuid,visible) VALUES ('',NOW(),NULL,1,12,12,'','','','',NOW(),true,'','d43b22d6-d915-41cc-99e4-9c9db66c5aac',true);

INSERT INTO mail_content (body,creation_date,description,domain_abstract_id,id,mail_content_type,messages_english,messages_french,messages_russian,messages_vietnamese,modification_date,readonly,subject,uuid,visible) VALUES ('',NOW(),NULL,1,13,13,'','','','',NOW(),true,'','0cd705f3-f1f5-450d-bfcd-f2f5a60c57f8',true);

INSERT INTO mail_content (body,creation_date,description,domain_abstract_id,id,mail_content_type,messages_english,messages_french,messages_russian,messages_vietnamese,modification_date,readonly,subject,uuid,visible) VALUES ('',NOW(),NULL,1,14,14,'','','','',NOW(),true,'','6c0c1214-0a77-46d0-92c5-c41d225bf9aa',true);

INSERT INTO mail_content (body,creation_date,description,domain_abstract_id,id,mail_content_type,messages_english,messages_french,messages_russian,messages_vietnamese,modification_date,readonly,subject,uuid,visible) VALUES ('',NOW(),NULL,1,15,15,'','','','',NOW(),true,'','88b90304-e9c9-11e4-b6b4-5404a6202d2c',true);

INSERT INTO mail_content (body,creation_date,description,domain_abstract_id,id,mail_content_type,messages_english,messages_french,messages_russian,messages_vietnamese,modification_date,readonly,subject,uuid,visible) VALUES ('',NOW(),NULL,1,16,16,'','','','',NOW(),true,'','9f00708c-60e7-11e7-a8eb-0800271467bb',true);

INSERT INTO mail_content (body,creation_date,description,domain_abstract_id,id,mail_content_type,messages_english,messages_french,messages_russian,messages_vietnamese,modification_date,readonly,subject,uuid,visible) VALUES ('',NOW(),'',1,17,17,'','','','',NOW(),true,'','9f03b0bc-60e7-11e7-a512-0800271467bb',true);

INSERT INTO mail_content (body,creation_date,description,domain_abstract_id,id,mail_content_type,messages_english,messages_french,messages_russian,messages_vietnamese,modification_date,readonly,subject,uuid,visible) VALUES ('',NOW(),'',1,18,18,'','','','',NOW(),true,'','9f06f22c-60e7-11e7-a753-0800271467bb',true);

INSERT INTO mail_content (body,creation_date,description,domain_abstract_id,id,mail_content_type,messages_english,messages_french,messages_russian,messages_vietnamese,modification_date,readonly,subject,uuid,visible) VALUES ('',NOW(),'',1,19,19,'','','','',NOW(),true,'','9f0a2758-60e7-11e7-b1e9-0800271467bb',true);

INSERT INTO mail_content (body,creation_date,description,domain_abstract_id,id,mail_content_type,messages_english,messages_french,messages_russian,messages_vietnamese,modification_date,readonly,subject,uuid,visible) VALUES ('',NOW(),'',1,20,20,'','','','',NOW(),true,'','9f0d6ac6-60e7-11e7-b1b6-0800271467bb',true);

INSERT INTO mail_content (body,creation_date,description,domain_abstract_id,id,mail_content_type,messages_english,messages_french,messages_russian,messages_vietnamese,modification_date,readonly,subject,uuid,visible) VALUES ('',NOW(),'',1,21,21,'','','','',NOW(),true,'','9f10ba3c-60e7-11e7-9a73-0800271467bb',true);

INSERT INTO mail_content (body,creation_date,description,domain_abstract_id,id,mail_content_type,messages_english,messages_french,messages_russian,messages_vietnamese,modification_date,readonly,subject,uuid,visible) VALUES ('',NOW(),'',1,22,22,'','','','',NOW(),true,'','9f146074-60e7-11e7-94ba-0800271467bb',true);

INSERT INTO mail_content (body,creation_date,description,domain_abstract_id,id,mail_content_type,messages_english,messages_french,messages_russian,messages_vietnamese,modification_date,readonly,subject,uuid,visible) VALUES ('',NOW(),'',1,23,23,'','','','',NOW(),true,'','9f17d614-60e7-11e7-94e3-0800271467bb',true);

INSERT INTO mail_content (body,creation_date,description,domain_abstract_id,id,mail_content_type,messages_english,messages_french,messages_russian,messages_vietnamese,modification_date,readonly,subject,uuid,visible) VALUES ('',NOW(),'',1,24,24,'','','','',NOW(),true,'','9f1aca72-60e7-11e7-a75f-0800271467bb',true);

INSERT INTO mail_content (body,creation_date,description,domain_abstract_id,id,mail_content_type,messages_english,messages_french,messages_russian,messages_vietnamese,modification_date,readonly,subject,uuid,visible) VALUES ('',NOW(),'',1,25,25,'','','','',NOW(),true,'','82cd65c6-b968-11e7-aee9-eb159cedc719',true);

INSERT INTO mail_content (body,creation_date,description,domain_abstract_id,id,mail_content_type,messages_english,messages_french,messages_russian,messages_vietnamese,modification_date,readonly,subject,uuid,visible) VALUES ('',NOW(),'',1,26,26,'','','','',NOW(),true,'','4375a5b6-c3ca-11e7-bd7c-47cacbfe09d9',true);

INSERT INTO mail_content (body,creation_date,description,domain_abstract_id,id,mail_content_type,messages_english,messages_french,messages_russian,messages_vietnamese,modification_date,readonly,subject,uuid,visible) VALUES ('',NOW(),'',1,27,27,'','','','',NOW(),true,'','935a0086-c53c-11e7-83d4-3fe6e27902d8',true);

INSERT INTO mail_content (body,creation_date,description,domain_abstract_id,id,mail_content_type,messages_english,messages_french,messages_russian,messages_vietnamese,modification_date,readonly,subject,uuid,visible) VALUES ('',NOW(),'',1,28,28,'','','','',NOW(),true,'','cd33405c-c617-11e7-be9c-c763a78e452c',true);

INSERT INTO mail_content (body,creation_date,description,domain_abstract_id,id,mail_content_type,messages_english,messages_french,messages_russian,messages_vietnamese,modification_date,readonly,subject,uuid,visible) VALUES ('',NOW(),'',1,29,29,'','','','',NOW(),true,'','a4ef5ac0-c619-11e7-886b-7bf95112b643',true);

INSERT INTO mail_content (body,creation_date,description,domain_abstract_id,id,mail_content_type,messages_english,messages_french,messages_russian,messages_vietnamese,modification_date,readonly,subject,uuid,visible) VALUES ('',NOW(),'',1,30,30,'','','','',NOW(),true,'','47404f3c-c61a-11e7-bc5e-27c80414733b',true);

INSERT INTO mail_content (body,creation_date,description,domain_abstract_id,id,mail_content_type,messages_english,messages_french,messages_russian,messages_vietnamese,modification_date,readonly,subject,uuid,visible) VALUES ('',NOW(),'',1,31,31,'','','','',NOW(),true,'','d5c4e4ba-d6b5-11e7-9bac-0f07881b63bc',true);

INSERT INTO mail_content (body,creation_date,description,domain_abstract_id,id,mail_content_type,messages_english,messages_french,messages_russian,messages_vietnamese,modification_date,readonly,subject,uuid,visible) VALUES ('',NOW(),'',1,32,32,'','','','',NOW(),true,'','dbf022d8-8389-11e8-b804-d32666b16d41',true);

INSERT INTO mail_content (body,creation_date,description,domain_abstract_id,id,mail_content_type,messages_english,messages_french,messages_russian,messages_vietnamese,modification_date,readonly,subject,uuid,visible) VALUES ('',NOW(),'',1,33,33,'','','','',NOW(),true,'','dbf1b49a-8389-11e8-a006-77d9edee84a4',true);

INSERT INTO mail_content (body,creation_date,description,domain_abstract_id,id,mail_content_type,messages_english,messages_french,messages_russian,messages_vietnamese,modification_date,readonly,subject,uuid,visible) VALUES ('',NOW(),'',1,34,34,'','','','',NOW(),true,'','16a7001a-ee6d-11e8-bb18-ef4f3a73c249',true);

INSERT INTO mail_content (body,creation_date,description,domain_abstract_id,id,mail_content_type,messages_english,messages_french,messages_russian,messages_vietnamese,modification_date,readonly,subject,uuid,visible) VALUES ('',NOW(),'',1,35,35,'','','','',NOW(),true,'','01acd058-fc92-11e8-b2b3-d7189fc47d83',true);

INSERT INTO mail_content (body,creation_date,description,domain_abstract_id,id,mail_content_type,messages_english,messages_french,messages_russian,messages_vietnamese,modification_date,readonly,subject,uuid,visible) VALUES ('',NOW(),'',1,36,36,'','','','',NOW(),true,'','a9983e78-ffa9-11e8-b920-7b238822b4bb',true);

INSERT INTO mail_content (body,creation_date,description,domain_abstract_id,id,mail_content_type,messages_english,messages_french,messages_russian,messages_vietnamese,modification_date,readonly,subject,uuid,visible) VALUES ('',NOW(),'',1,37,37,'','','','',NOW(),true,'','cb30b05c-78b5-11ea-ae9c-3f0dd07b717b',true);

INSERT INTO mail_content (body,creation_date,description,domain_abstract_id,id,mail_content_type,messages_english,messages_french,messages_russian,messages_vietnamese,modification_date,readonly,subject,uuid,visible) VALUES ('',NOW(),'',1,39,39,'','','','',NOW(),true,'','b8fd5482-c47f-11eb-8529-0242ac130003',true);

INSERT INTO mail_content (body,creation_date,description,domain_abstract_id,id,mail_content_type,messages_english,messages_french,messages_russian,messages_vietnamese,modification_date,readonly,subject,uuid,visible) VALUES ('',NOW(),'',1,40,40,'','','','',NOW(),true,'','c34c8f84-c47f-11eb-8529-0242ac130003',true);

INSERT INTO mail_content (body,creation_date,description,domain_abstract_id,id,mail_content_type,messages_english,messages_french,messages_russian,messages_vietnamese,modification_date,readonly,subject,uuid,visible) VALUES ('',NOW(),'',1,41,41,'','','','',NOW(),true,'','11650cc8-b73c-11ec-a84c-235f5362c454',true);

INSERT INTO mail_content (body,creation_date,description,domain_abstract_id,id,mail_content_type,messages_english,messages_french,messages_russian,messages_vietnamese,modification_date,readonly,subject,uuid,visible) VALUES ('',NOW(),'',1,42,42,'','','','',NOW(),true,'','11679380-b73c-11ec-8bba-17ee00d3ad28',true);

INSERT INTO mail_content (body,creation_date,description,domain_abstract_id,id,mail_content_type,messages_english,messages_french,messages_russian,messages_vietnamese,modification_date,readonly,subject,uuid,visible) VALUES ('',NOW(),'',1,43,43,'','','','',NOW(),true,'','116957c4-b73c-11ec-80f2-2b24398412f7',true);

INSERT INTO mail_content (body,creation_date,description,domain_abstract_id,id,mail_content_type,messages_english,messages_french,messages_russian,messages_vietnamese,modification_date,readonly,subject,uuid,visible) VALUES ('',NOW(),'',1,44,44,'','','','',NOW(),true,'','c23bf2a6-e7f6-11ec-914a-635e67f5625b',true);

INSERT INTO mail_content (body,creation_date,description,domain_abstract_id,id,mail_content_type,messages_english,messages_french,messages_russian,messages_vietnamese,modification_date,readonly,subject,uuid,visible) VALUES ('',NOW(),'',1,45,45,'','','','',NOW(),true,'','b1404cb6-ed7a-11ec-96a5-7f908770885e',true);

INSERT INTO mail_content_lang (id,language,mail_config_id,mail_content_id,mail_content_type,readonly,uuid) VALUES (1,0,1,1,1,true,'4f3c4723-531e-449b-a1ae-d304fd3d2387');

INSERT INTO mail_content_lang (id,language,mail_config_id,mail_content_id,mail_content_type,readonly,uuid) VALUES (2,0,1,2,2,true,'81041673-c699-4849-8be4-58eea4507305');

INSERT INTO mail_content_lang (id,language,mail_config_id,mail_content_id,mail_content_type,readonly,uuid) VALUES (3,0,1,3,3,true,'85538234-1fc1-47a2-850d-7f7b59f1640e');

INSERT INTO mail_content_lang (id,language,mail_config_id,mail_content_id,mail_content_type,readonly,uuid) VALUES (4,0,1,4,4,true,'ed70cc00-099e-4c44-8937-e8f51835000b');

INSERT INTO mail_content_lang (id,language,mail_config_id,mail_content_id,mail_content_type,readonly,uuid) VALUES (5,0,1,5,5,true,'f355793b-17d4-499c-bb2b-e3264bc13dbd');

INSERT INTO mail_content_lang (id,language,mail_config_id,mail_content_id,mail_content_type,readonly,uuid) VALUES (6,0,1,6,6,true,'5a6764fc-350c-4f10-bdb0-e95ca7607607');

INSERT INTO mail_content_lang (id,language,mail_config_id,mail_content_id,mail_content_type,readonly,uuid) VALUES (7,0,1,7,7,true,'8d707581-3920-4d82-a8ba-f7984afc54ca');

INSERT INTO mail_content_lang (id,language,mail_config_id,mail_content_id,mail_content_type,readonly,uuid) VALUES (8,0,1,8,8,true,'fd6011cf-e4cf-478d-835b-75b25e024b81');

INSERT INTO mail_content_lang (id,language,mail_config_id,mail_content_id,mail_content_type,readonly,uuid) VALUES (9,0,1,9,9,true,'7a560359-fa35-4ffd-ac1d-1d9ceef1b1e0');

INSERT INTO mail_content_lang (id,language,mail_config_id,mail_content_id,mail_content_type,readonly,uuid) VALUES (10,0,1,10,10,true,'822b3ede-daea-4b60-a8a2-2216c7d36fea');

INSERT INTO mail_content_lang (id,language,mail_config_id,mail_content_id,mail_content_type,readonly,uuid) VALUES (11,0,1,11,11,true,'9bf9d474-fd10-48da-843c-dfadebd2b455');

INSERT INTO mail_content_lang (id,language,mail_config_id,mail_content_id,mail_content_type,readonly,uuid) VALUES (12,0,1,12,12,true,'ec270da7-e9cb-11e4-b6b4-5404a6202d2c');

INSERT INTO mail_content_lang (id,language,mail_config_id,mail_content_id,mail_content_type,readonly,uuid) VALUES (13,0,1,13,13,true,'447217e4-e1ee-11e4-8a45-fb8c68777bdf');

INSERT INTO mail_content_lang (id,language,mail_config_id,mail_content_id,mail_content_type,readonly,uuid) VALUES (14,0,1,14,14,true,'bfcced12-7325-49df-bf84-65ed90ff7f59');

INSERT INTO mail_content_lang (id,language,mail_config_id,mail_content_id,mail_content_type,readonly,uuid) VALUES (15,0,1,15,15,true,'2837ac03-fb65-4007-a344-693d3fb31533');

INSERT INTO mail_content_lang (id,language,mail_config_id,mail_content_id,mail_content_type,readonly,uuid) VALUES (16,0,1,16,16,true,'9f017ae0-60e7-11e7-b430-0800271467bb');

INSERT INTO mail_content_lang (id,language,mail_config_id,mail_content_id,mail_content_type,readonly,uuid) VALUES (17,0,1,17,17,true,'9f04eafe-60e7-11e7-813f-0800271467bb');

INSERT INTO mail_content_lang (id,language,mail_config_id,mail_content_id,mail_content_type,readonly,uuid) VALUES (18,0,1,18,18,true,'9f07da3e-60e7-11e7-94a2-0800271467bb');

INSERT INTO mail_content_lang (id,language,mail_config_id,mail_content_id,mail_content_type,readonly,uuid) VALUES (19,0,1,19,19,true,'9f0b1a00-60e7-11e7-bac1-0800271467bb');

INSERT INTO mail_content_lang (id,language,mail_config_id,mail_content_id,mail_content_type,readonly,uuid) VALUES (20,0,1,20,20,true,'9f0e565c-60e7-11e7-b12b-0800271467bb');

INSERT INTO mail_content_lang (id,language,mail_config_id,mail_content_id,mail_content_type,readonly,uuid) VALUES (21,0,1,21,21,true,'9f11f578-60e7-11e7-8f05-0800271467bb');

INSERT INTO mail_content_lang (id,language,mail_config_id,mail_content_id,mail_content_type,readonly,uuid) VALUES (22,0,1,22,22,true,'9f15538a-60e7-11e7-9782-0800271467bb');

INSERT INTO mail_content_lang (id,language,mail_config_id,mail_content_id,mail_content_type,readonly,uuid) VALUES (23,0,1,23,23,true,'9f18c682-60e7-11e7-a184-0800271467bb');

INSERT INTO mail_content_lang (id,language,mail_config_id,mail_content_id,mail_content_type,readonly,uuid) VALUES (24,0,1,24,24,true,'9f1bae1a-60e7-11e7-9c81-0800271467bb');

INSERT INTO mail_content_lang (id,language,mail_config_id,mail_content_id,mail_content_type,readonly,uuid) VALUES (25,0,1,25,25,true,'82cde226-b968-11e7-8d63-83050cc4d746');

INSERT INTO mail_content_lang (id,language,mail_config_id,mail_content_id,mail_content_type,readonly,uuid) VALUES (26,0,1,26,26,true,'4375f264-c3ca-11e7-a27a-bf234a0daed3');

INSERT INTO mail_content_lang (id,language,mail_config_id,mail_content_id,mail_content_type,readonly,uuid) VALUES (27,0,1,27,27,true,'935a40fa-c53c-11e7-8fbc-ebfc048f79f6');

INSERT INTO mail_content_lang (id,language,mail_config_id,mail_content_id,mail_content_type,readonly,uuid) VALUES (28,0,1,28,28,true,'cd339002-c617-11e7-8d48-eb704ae08d79');

INSERT INTO mail_content_lang (id,language,mail_config_id,mail_content_id,mail_content_type,readonly,uuid) VALUES (29,0,1,29,29,true,'a4ef9882-c619-11e7-94d7-239170350774');

INSERT INTO mail_content_lang (id,language,mail_config_id,mail_content_id,mail_content_type,readonly,uuid) VALUES (30,0,1,30,30,true,'47409334-c61a-11e7-bfd9-fbd9e2c973bb');

INSERT INTO mail_content_lang (id,language,mail_config_id,mail_content_id,mail_content_type,readonly,uuid) VALUES (31,0,1,31,31,true,'d5c520c4-d6b5-11e7-8fb4-eb93819bda25');

INSERT INTO mail_content_lang (id,language,mail_config_id,mail_content_id,mail_content_type,readonly,uuid) VALUES (32,0,1,32,32,true,'dbf0aaaa-8389-11e8-8743-9b6e3afe9f53');

INSERT INTO mail_content_lang (id,language,mail_config_id,mail_content_id,mail_content_type,readonly,uuid) VALUES (33,0,1,33,33,true,'dbf1f8ba-8389-11e8-83c9-0b5ecc4849b0');

INSERT INTO mail_content_lang (id,language,mail_config_id,mail_content_id,mail_content_type,readonly,uuid) VALUES (34,0,1,34,34,true,'16a78382-ee6d-11e8-b388-13bb3e6feb85');

INSERT INTO mail_content_lang (id,language,mail_config_id,mail_content_id,mail_content_type,readonly,uuid) VALUES (35,0,1,35,35,true,'01ad9c5e-fc92-11e8-9736-ef560a979e00');

INSERT INTO mail_content_lang (id,language,mail_config_id,mail_content_id,mail_content_type,readonly,uuid) VALUES (36,0,1,36,36,true,'a9992e32-ffa9-11e8-bbfe-b32f26c4955b');

INSERT INTO mail_content_lang (id,language,mail_config_id,mail_content_id,mail_content_type,readonly,uuid) VALUES (37,0,1,37,37,true,'bc543cdc-78c1-11ea-872b-bbec41be01d1');

INSERT INTO mail_content_lang (id,language,mail_config_id,mail_content_id,mail_content_type,readonly,uuid) VALUES (39,0,1,39,39,true,'84738a92-c47f-11eb-8529-0242ac130003');

INSERT INTO mail_content_lang (id,language,mail_config_id,mail_content_id,mail_content_type,readonly,uuid) VALUES (40,0,1,40,40,true,'92708d98-c47f-11eb-8529-0242ac130003');

INSERT INTO mail_content_lang (id,language,mail_content_id,mail_config_id,mail_content_type,readonly,uuid) VALUES (41,0,41,1,41,true,'1165b0b0-b73c-11ec-b20a-33728c1610a7');

INSERT INTO mail_content_lang (id,language,mail_content_id,mail_config_id,mail_content_type,readonly,uuid) VALUES (42,0,42,1,42,true,'1167f136-b73c-11ec-947a-7f07dff5f89a');

INSERT INTO mail_content_lang (id,language,mail_content_id,mail_config_id,mail_content_type,readonly,uuid) VALUES (43,0,43,1,43,true,'1169c600-b73c-11ec-8f48-177d8ee3ef97');

INSERT INTO mail_content_lang (id,language,mail_content_id,mail_config_id,mail_content_type,readonly,uuid) VALUES (44,0,44,1,44,true,'c23de28c-e7f6-11ec-b95c-5312dd811c59');

INSERT INTO mail_content_lang (id,language,mail_content_id,mail_config_id,mail_content_type,readonly,uuid) VALUES (45,0,45,1,45,true,'b140b322-ed7a-11ec-a4ea-9f2d5c6565a3');

INSERT INTO mail_content_lang (id,language,mail_config_id,mail_content_id,mail_content_type,readonly,uuid) VALUES (101,1,1,1,1,true,'28e5855a-c0e7-40fc-8401-9cf25eb53f03');

INSERT INTO mail_content_lang (id,language,mail_config_id,mail_content_id,mail_content_type,readonly,uuid) VALUES (102,1,1,2,2,true,'41d0f03d-57dd-420e-84b0-7908179c8329');

INSERT INTO mail_content_lang (id,language,mail_config_id,mail_content_id,mail_content_type,readonly,uuid) VALUES (103,1,1,3,3,true,'72c0fff4-4638-4e98-8223-df27f8f8ea8b');

INSERT INTO mail_content_lang (id,language,mail_config_id,mail_content_id,mail_content_type,readonly,uuid) VALUES (104,1,1,4,4,true,'6fbabf1a-58c0-49b9-859e-d24b0af38c87');

INSERT INTO mail_content_lang (id,language,mail_config_id,mail_content_id,mail_content_type,readonly,uuid) VALUES (105,1,1,5,5,true,'b85fc62f-d9eb-454b-9289-fec5eab51a76');

INSERT INTO mail_content_lang (id,language,mail_config_id,mail_content_id,mail_content_type,readonly,uuid) VALUES (106,1,1,6,6,true,'25540d2d-b3b8-46a9-811b-0549ad300fe0');

INSERT INTO mail_content_lang (id,language,mail_config_id,mail_content_id,mail_content_type,readonly,uuid) VALUES (107,1,1,7,7,true,'6580009b-36fd-472d-9937-41d0097ead91');

INSERT INTO mail_content_lang (id,language,mail_config_id,mail_content_id,mail_content_type,readonly,uuid) VALUES (108,1,1,8,8,true,'86fdc43c-5fd7-4aba-b01a-90fccbfb5489');

INSERT INTO mail_content_lang (id,language,mail_config_id,mail_content_id,mail_content_type,readonly,uuid) VALUES (109,1,1,9,9,true,'f9455b1d-3582-4998-8675-bc0a8137fc73');

INSERT INTO mail_content_lang (id,language,mail_config_id,mail_content_id,mail_content_type,readonly,uuid) VALUES (110,1,1,10,10,true,'e5a9f689-c005-47c2-958f-b68071b1bf6f');

INSERT INTO mail_content_lang (id,language,mail_config_id,mail_content_id,mail_content_type,readonly,uuid) VALUES (111,1,1,11,11,true,'2daaea2a-1b13-48b4-89a6-032f7e034a2d');

INSERT INTO mail_content_lang (id,language,mail_config_id,mail_content_id,mail_content_type,readonly,uuid) VALUES (112,1,1,12,12,true,'8f579a8a-e352-11e4-99b3-08002722e7b1');

INSERT INTO mail_content_lang (id,language,mail_config_id,mail_content_id,mail_content_type,readonly,uuid) VALUES (113,1,1,13,13,true,'fa7a23cb-f545-45b4-b9dc-c39586cb2398');

INSERT INTO mail_content_lang (id,language,mail_config_id,mail_content_id,mail_content_type,readonly,uuid) VALUES (114,1,1,14,14,true,'44bc0912-cf91-4fc0-b376-f0ebb82acd51');

INSERT INTO mail_content_lang (id,language,mail_config_id,mail_content_id,mail_content_type,readonly,uuid) VALUES (115,1,1,15,15,true,'cccb263e-1c24-4eb9-bff7-298713cc3ab7');

INSERT INTO mail_content_lang (id,language,mail_config_id,mail_content_id,mail_content_type,readonly,uuid) VALUES (116,1,1,16,16,true,'9f02736e-60e7-11e7-bf58-0800271467bb');

INSERT INTO mail_content_lang (id,language,mail_config_id,mail_content_id,mail_content_type,readonly,uuid) VALUES (117,1,1,17,17,true,'9f05d3ec-60e7-11e7-98a3-0800271467bb');

INSERT INTO mail_content_lang (id,language,mail_config_id,mail_content_id,mail_content_type,readonly,uuid) VALUES (118,1,1,18,18,true,'9f08b468-60e7-11e7-87e7-0800271467bb');

INSERT INTO mail_content_lang (id,language,mail_config_id,mail_content_id,mail_content_type,readonly,uuid) VALUES (119,1,1,19,19,true,'9f0c0672-60e7-11e7-ba0a-0800271467bb');

INSERT INTO mail_content_lang (id,language,mail_config_id,mail_content_id,mail_content_type,readonly,uuid) VALUES (120,1,1,20,20,true,'9f0f3ea0-60e7-11e7-a25e-0800271467bb');

INSERT INTO mail_content_lang (id,language,mail_config_id,mail_content_id,mail_content_type,readonly,uuid) VALUES (121,1,1,21,21,true,'9f12e0f0-60e7-11e7-8c20-0800271467bb');

INSERT INTO mail_content_lang (id,language,mail_config_id,mail_content_id,mail_content_type,readonly,uuid) VALUES (122,1,1,22,22,true,'9f164a06-60e7-11e7-998e-0800271467bb');

INSERT INTO mail_content_lang (id,language,mail_config_id,mail_content_id,mail_content_type,readonly,uuid) VALUES (123,1,1,23,23,true,'9f199652-60e7-11e7-a9cf-0800271467bb');

INSERT INTO mail_content_lang (id,language,mail_config_id,mail_content_id,mail_content_type,readonly,uuid) VALUES (124,1,1,24,24,true,'9f1c879a-60e7-11e7-95d8-0800271467bb');

INSERT INTO mail_content_lang (id,language,mail_config_id,mail_content_id,mail_content_type,readonly,uuid) VALUES (125,1,1,25,25,true,'82ce572e-b968-11e7-9f2c-8b110ac99bc9');

INSERT INTO mail_content_lang (id,language,mail_config_id,mail_content_id,mail_content_type,readonly,uuid) VALUES (126,1,1,26,26,true,'4376471e-c3ca-11e7-96f0-df378884d9bd');

INSERT INTO mail_content_lang (id,language,mail_config_id,mail_content_id,mail_content_type,readonly,uuid) VALUES (127,1,1,27,27,true,'935a7b10-c53c-11e7-8ce9-17fe85e6b389');

INSERT INTO mail_content_lang (id,language,mail_config_id,mail_content_id,mail_content_type,readonly,uuid) VALUES (128,1,1,28,28,true,'cd33d42c-c617-11e7-979a-6bf962f5c6c8');

INSERT INTO mail_content_lang (id,language,mail_config_id,mail_content_id,mail_content_type,readonly,uuid) VALUES (129,1,1,29,29,true,'a4efd518-c619-11e7-8cdf-13a90ce64cda');

INSERT INTO mail_content_lang (id,language,mail_config_id,mail_content_id,mail_content_type,readonly,uuid) VALUES (130,1,1,30,30,true,'4740d3f8-c61a-11e7-8d5a-3f431ce9643a');

INSERT INTO mail_content_lang (id,language,mail_config_id,mail_content_id,mail_content_type,readonly,uuid) VALUES (131,1,1,31,31,true,'d5c55f44-d6b5-11e7-b521-4f65da9d047d');

INSERT INTO mail_content_lang (id,language,mail_config_id,mail_content_id,mail_content_type,readonly,uuid) VALUES (132,1,1,32,32,true,'dbf12958-8389-11e8-964e-6b7eef81da86');

INSERT INTO mail_content_lang (id,language,mail_config_id,mail_content_id,mail_content_type,readonly,uuid) VALUES (133,1,1,33,33,true,'dbf23f1e-8389-11e8-b430-a3d498f96a4f');

INSERT INTO mail_content_lang (id,language,mail_config_id,mail_content_id,mail_content_type,readonly,uuid) VALUES (134,1,1,34,34,true,'16a7f1aa-ee6d-11e8-9dab-3b0fd56ae1eb');

INSERT INTO mail_content_lang (id,language,mail_config_id,mail_content_id,mail_content_type,readonly,uuid) VALUES (135,1,1,35,35,true,'01ae8e66-fc92-11e8-9e2e-2b5cc9cf184f');

INSERT INTO mail_content_lang (id,language,mail_config_id,mail_content_id,mail_content_type,readonly,uuid) VALUES (136,1,1,36,36,true,'a99a4650-ffa9-11e8-b09e-83360a30f184');

INSERT INTO mail_content_lang (id,language,mail_config_id,mail_content_id,mail_content_type,readonly,uuid) VALUES (137,1,1,37,37,true,'fa6a42d2-78c1-11ea-aba9-174059c40540');

INSERT INTO mail_content_lang (id,language,mail_config_id,mail_content_id,mail_content_type,readonly,uuid) VALUES (139,1,1,39,39,true,'84738a92-c47f-11eb-8529-0242ac130003');

INSERT INTO mail_content_lang (id,language,mail_config_id,mail_content_id,mail_content_type,readonly,uuid) VALUES (140,1,1,40,40,true,'92708d98-c47f-11eb-8529-0242ac130003');

INSERT INTO mail_content_lang (id,language,mail_content_id,mail_config_id,mail_content_type,readonly,uuid) VALUES (141,1,41,1,41,true,'11663c88-b73c-11ec-8649-27fb71fc49cf');

INSERT INTO mail_content_lang (id,language,mail_content_id,mail_config_id,mail_content_type,readonly,uuid) VALUES (142,1,42,1,42,true,'11685018-b73c-11ec-8a49-0b3657e2f901');

INSERT INTO mail_content_lang (id,language,mail_content_id,mail_config_id,mail_content_type,readonly,uuid) VALUES (143,1,43,1,43,true,'116a1cb8-b73c-11ec-9e9e-b7c7d1b3387a');

INSERT INTO mail_content_lang (id,language,mail_content_id,mail_config_id,mail_content_type,readonly,uuid) VALUES (144,1,44,1,44,true,'c23f9d34-e7f6-11ec-bc34-73bea5d8f368');

INSERT INTO mail_content_lang (id,language,mail_content_id,mail_config_id,mail_content_type,readonly,uuid) VALUES (145,1,45,1,45,true,'b1413a36-ed7a-11ec-97e3-4fe345e8ff3e');

INSERT INTO mail_content_lang (id,language,mail_config_id,mail_content_id,mail_content_type,readonly,uuid) VALUES (201,2,1,1,1,true,'28e5855a-c0e7-40fc-8401-9cf25eb53f30');

INSERT INTO mail_content_lang (id,language,mail_config_id,mail_content_id,mail_content_type,readonly,uuid) VALUES (202,2,1,2,2,true,'41d0f03d-57dd-420e-84b0-7908179c8392');

INSERT INTO mail_content_lang (id,language,mail_config_id,mail_content_id,mail_content_type,readonly,uuid) VALUES (203,2,1,3,3,true,'72c0fff4-4638-4e98-8223-df27f8f8eab8');

INSERT INTO mail_content_lang (id,language,mail_config_id,mail_content_id,mail_content_type,readonly,uuid) VALUES (204,2,1,4,4,true,'6fbabf1a-58c0-49b9-859e-d24b0af38c78');

INSERT INTO mail_content_lang (id,language,mail_config_id,mail_content_id,mail_content_type,readonly,uuid) VALUES (205,2,1,5,5,true,'b85fc62f-d9eb-454b-9289-fec5eab51a67');

INSERT INTO mail_content_lang (id,language,mail_config_id,mail_content_id,mail_content_type,readonly,uuid) VALUES (206,2,1,6,6,true,'25540d2d-b3b8-46a9-811b-0549ad300f0e');

INSERT INTO mail_content_lang (id,language,mail_config_id,mail_content_id,mail_content_type,readonly,uuid) VALUES (207,2,1,7,7,true,'6580009b-36fd-472d-9937-41d0097ead19');

INSERT INTO mail_content_lang (id,language,mail_config_id,mail_content_id,mail_content_type,readonly,uuid) VALUES (208,2,1,8,8,true,'86fdc43c-5fd7-4aba-b01a-90fccbfb5444');

INSERT INTO mail_content_lang (id,language,mail_config_id,mail_content_id,mail_content_type,readonly,uuid) VALUES (209,2,1,9,9,true,'f9455b1d-3582-4998-8675-bc0a8137fd25');

INSERT INTO mail_content_lang (id,language,mail_config_id,mail_content_id,mail_content_type,readonly,uuid) VALUES (210,2,1,10,10,true,'e5a9f689-c005-47c2-958f-b68071b1b666');

INSERT INTO mail_content_lang (id,language,mail_config_id,mail_content_id,mail_content_type,readonly,uuid) VALUES (211,2,1,11,11,true,'2daaea2a-1b13-48b4-89a6-032f7e034a3s');

INSERT INTO mail_content_lang (id,language,mail_config_id,mail_content_id,mail_content_type,readonly,uuid) VALUES (212,2,1,12,12,true,'8f579a8a-e352-11e4-99b3-08002722e5de');

INSERT INTO mail_content_lang (id,language,mail_config_id,mail_content_id,mail_content_type,readonly,uuid) VALUES (213,2,1,13,13,true,'fa7a23cb-f545-45b4-b9dc-c39586cb2ggg');

INSERT INTO mail_content_lang (id,language,mail_config_id,mail_content_id,mail_content_type,readonly,uuid) VALUES (214,2,1,14,14,true,'44bc0912-cf91-4fc0-b376-f0ebb82acmmm');

INSERT INTO mail_content_lang (id,language,mail_config_id,mail_content_id,mail_content_type,readonly,uuid) VALUES (215,2,1,15,15,true,'cccb263e-1c24-4eb9-bff7-298713cc3854');

INSERT INTO mail_content_lang (id,language,mail_config_id,mail_content_id,mail_content_type,readonly,uuid) VALUES (216,2,1,16,16,true,'9f02736e-60e7-11e7-bf58-080027146bb7');

INSERT INTO mail_content_lang (id,language,mail_config_id,mail_content_id,mail_content_type,readonly,uuid) VALUES (217,2,1,17,17,true,'9f05d3ec-60e7-11e7-98a3-080027146bb7');

INSERT INTO mail_content_lang (id,language,mail_config_id,mail_content_id,mail_content_type,readonly,uuid) VALUES (218,2,1,18,18,true,'9f08b468-60e7-11e7-87e7-080027146bb7');

INSERT INTO mail_content_lang (id,language,mail_config_id,mail_content_id,mail_content_type,readonly,uuid) VALUES (219,2,1,19,19,true,'9f0c0672-60e7-11e7-ba0a-080027146bb7');

INSERT INTO mail_content_lang (id,language,mail_config_id,mail_content_id,mail_content_type,readonly,uuid) VALUES (220,2,1,20,20,true,'9f0f3ea0-60e7-11e7-a25e-080027146rr8');

INSERT INTO mail_content_lang (id,language,mail_config_id,mail_content_id,mail_content_type,readonly,uuid) VALUES (221,2,1,21,21,true,'9f12e0f0-60e7-11e7-8c20-080027146rr8');

INSERT INTO mail_content_lang (id,language,mail_config_id,mail_content_id,mail_content_type,readonly,uuid) VALUES (222,2,1,22,22,true,'9f164a06-60e7-11e7-998e-080027146rr8');

INSERT INTO mail_content_lang (id,language,mail_config_id,mail_content_id,mail_content_type,readonly,uuid) VALUES (223,2,1,23,23,true,'9f199652-60e7-11e7-a9cf-080027146rr8');

INSERT INTO mail_content_lang (id,language,mail_config_id,mail_content_id,mail_content_type,readonly,uuid) VALUES (224,2,1,24,24,true,'9f1c879a-60e7-11e7-95d8-080027146rr8');

INSERT INTO mail_content_lang (id,language,mail_config_id,mail_content_id,mail_content_type,readonly,uuid) VALUES (225,2,1,25,25,true,'82ce572e-b968-11e7-9f2c-8b110ac9988y');

INSERT INTO mail_content_lang (id,language,mail_config_id,mail_content_id,mail_content_type,readonly,uuid) VALUES (226,2,1,26,26,true,'4376471e-c3ca-11e7-96f0-df378884dyur');

INSERT INTO mail_content_lang (id,language,mail_config_id,mail_content_id,mail_content_type,readonly,uuid) VALUES (227,2,1,27,27,true,'935a7b10-c53c-11e7-8ce9-17fe85e6bhji');

INSERT INTO mail_content_lang (id,language,mail_config_id,mail_content_id,mail_content_type,readonly,uuid) VALUES (228,2,1,28,28,true,'cd33d42c-c617-11e7-979a-6bf962f5cii9');

INSERT INTO mail_content_lang (id,language,mail_config_id,mail_content_id,mail_content_type,readonly,uuid) VALUES (229,2,1,29,29,true,'a4efd518-c619-11e7-8cdf-13a90ce64aaz');

INSERT INTO mail_content_lang (id,language,mail_config_id,mail_content_id,mail_content_type,readonly,uuid) VALUES (230,2,1,30,30,true,'4740d3f8-c61a-11e7-8d5a-3f431ce96zza');

INSERT INTO mail_content_lang (id,language,mail_config_id,mail_content_id,mail_content_type,readonly,uuid) VALUES (231,2,1,31,31,true,'d5c55f44-d6b5-11e7-b521-4f65da9d0zaz');

INSERT INTO mail_content_lang (id,language,mail_config_id,mail_content_id,mail_content_type,readonly,uuid) VALUES (232,2,1,32,32,true,'dbf12958-8389-11e8-964e-6b7eef81d99z');

INSERT INTO mail_content_lang (id,language,mail_config_id,mail_content_id,mail_content_type,readonly,uuid) VALUES (233,2,1,33,33,true,'dbf23f1e-8389-11e8-b430-a3d498f96z88');

INSERT INTO mail_content_lang (id,language,mail_config_id,mail_content_id,mail_content_type,readonly,uuid) VALUES (234,2,1,34,34,true,'250c2fe2-5f7c-11e9-8a15-bfaa0debac8a');

INSERT INTO mail_content_lang (id,language,mail_config_id,mail_content_id,mail_content_type,readonly,uuid) VALUES (235,2,1,35,35,true,'dbaef9ba-5f7b-11e9-909b-b73741598b74');

INSERT INTO mail_content_lang (id,language,mail_config_id,mail_content_id,mail_content_type,readonly,uuid) VALUES (236,2,1,36,36,true,'e6d0bb08-5f7b-11e9-a49e-bffcfe6b06bf');

INSERT INTO mail_content_lang (id,language,mail_config_id,mail_content_id,mail_content_type,readonly,uuid) VALUES (237,2,1,37,37,true,'4f5a1b10-78c1-11ea-959e-43f0d02dafd1');

INSERT INTO mail_content_lang (id,language,mail_config_id,mail_content_id,mail_content_type,readonly,uuid) VALUES (239,2,1,39,39,true,'84738a92-c47f-11eb-8529-0242ac130003');

INSERT INTO mail_content_lang (id,language,mail_config_id,mail_content_id,mail_content_type,readonly,uuid) VALUES (240,2,1,40,40,true,'92708d98-c47f-11eb-8529-0242ac130003');

INSERT INTO mail_content_lang (id,language,mail_content_id,mail_config_id,mail_content_type,readonly,uuid) VALUES (241,2,41,1,41,true,'1166d990-b73c-11ec-b337-4b09e04976cd');

INSERT INTO mail_content_lang (id,language,mail_content_id,mail_config_id,mail_content_type,readonly,uuid) VALUES (242,2,42,1,42,true,'1168ad92-b73c-11ec-b7d0-8bf4f18337f7');

INSERT INTO mail_content_lang (id,language,mail_content_id,mail_config_id,mail_content_type,readonly,uuid) VALUES (243,2,43,1,43,true,'116a9968-b73c-11ec-b40a-53616caa8660');

INSERT INTO mail_content_lang (id,language,mail_content_id,mail_config_id,mail_content_type,readonly,uuid) VALUES (244,2,44,1,44,true,'c2410228-e7f6-11ec-8243-376f41b1ce73');

INSERT INTO mail_content_lang (id,language,mail_content_id,mail_config_id,mail_content_type,readonly,uuid) VALUES (245,2,45,1,45,true,'b141949a-ed7a-11ec-af19-1bf3d47e03a3');

INSERT INTO mail_content_lang (id,language,mail_config_id,mail_content_id,mail_content_type,readonly,uuid) VALUES (301,3,1,1,1,true,'a6445e06-f603-4c40-8e94-1d58b947d7dd');

INSERT INTO mail_content_lang (id,language,mail_config_id,mail_content_id,mail_content_type,readonly,uuid) VALUES (302,3,1,2,2,true,'b4f2b727-5d96-42ed-8a05-bf02eeeb5c5c');

INSERT INTO mail_content_lang (id,language,mail_config_id,mail_content_id,mail_content_type,readonly,uuid) VALUES (303,3,1,3,3,true,'dacfe199-3be9-4aad-bfee-629d071ea8a4');

INSERT INTO mail_content_lang (id,language,mail_config_id,mail_content_id,mail_content_type,readonly,uuid) VALUES (304,3,1,4,4,true,'bc7381a9-f4f0-426e-bac5-d1bd3c1c0487');

INSERT INTO mail_content_lang (id,language,mail_config_id,mail_content_id,mail_content_type,readonly,uuid) VALUES (305,3,1,5,5,true,'d6b12524-c508-4d81-a2a2-c799919bc080');

INSERT INTO mail_content_lang (id,language,mail_config_id,mail_content_id,mail_content_type,readonly,uuid) VALUES (306,3,1,6,6,true,'b118276d-ad78-44d0-b853-0a7923826675');

INSERT INTO mail_content_lang (id,language,mail_config_id,mail_content_id,mail_content_type,readonly,uuid) VALUES (307,3,1,7,7,true,'27e4883d-9a4d-4e41-9edf-9d27237b376d');

INSERT INTO mail_content_lang (id,language,mail_config_id,mail_content_id,mail_content_type,readonly,uuid) VALUES (308,3,1,8,8,true,'d2c17e5a-7ab5-4177-bc0e-21e96475622c');

INSERT INTO mail_content_lang (id,language,mail_config_id,mail_content_id,mail_content_type,readonly,uuid) VALUES (309,3,1,9,9,true,'1e802ece-8acd-49af-ba1e-27ffe0285768');

INSERT INTO mail_content_lang (id,language,mail_config_id,mail_content_id,mail_content_type,readonly,uuid) VALUES (310,3,1,10,10,true,'6a2611b3-086f-40b9-b3a2-7c24cd3a6008');

INSERT INTO mail_content_lang (id,language,mail_config_id,mail_content_id,mail_content_type,readonly,uuid) VALUES (311,3,1,11,11,true,'d6ff215e-acbd-487a-b415-67757b8d9378');

INSERT INTO mail_content_lang (id,language,mail_config_id,mail_content_id,mail_content_type,readonly,uuid) VALUES (312,3,1,12,12,true,'31a57c1a-f208-4c2b-b15f-8303cc29cc45');

INSERT INTO mail_content_lang (id,language,mail_config_id,mail_content_id,mail_content_type,readonly,uuid) VALUES (313,3,1,13,13,true,'a01eaf4a-053e-4454-a47a-ae4fa36cdf98');

INSERT INTO mail_content_lang (id,language,mail_config_id,mail_content_id,mail_content_type,readonly,uuid) VALUES (314,3,1,14,14,true,'1a63ee64-ab36-4dc2-a5c6-936e4b78cf2b');

INSERT INTO mail_content_lang (id,language,mail_config_id,mail_content_id,mail_content_type,readonly,uuid) VALUES (315,3,1,15,15,true,'8ed4f664-e05d-450f-8436-3be617e34ed4');

INSERT INTO mail_content_lang (id,language,mail_config_id,mail_content_id,mail_content_type,readonly,uuid) VALUES (316,3,1,16,16,true,'f1c2ace7-f44d-4b3e-88d0-272c02926fdf');

INSERT INTO mail_content_lang (id,language,mail_config_id,mail_content_id,mail_content_type,readonly,uuid) VALUES (317,3,1,17,17,true,'57f09972-00e8-491a-ace2-ff6001f9ed71');

INSERT INTO mail_content_lang (id,language,mail_config_id,mail_content_id,mail_content_type,readonly,uuid) VALUES (318,3,1,18,18,true,'665c6a74-7bd2-4aa4-ad72-e4c3a3b1c125');

INSERT INTO mail_content_lang (id,language,mail_config_id,mail_content_id,mail_content_type,readonly,uuid) VALUES (319,3,1,19,19,true,'3a21dc4e-dd41-4287-a94a-8ba06aa72dd3');

INSERT INTO mail_content_lang (id,language,mail_config_id,mail_content_id,mail_content_type,readonly,uuid) VALUES (320,3,1,20,20,true,'0b53c749-9213-487b-b094-4b834d21424d');

INSERT INTO mail_content_lang (id,language,mail_config_id,mail_content_id,mail_content_type,readonly,uuid) VALUES (321,3,1,21,21,true,'df2de9fe-ab36-42f7-977b-b3e16094ae79');

INSERT INTO mail_content_lang (id,language,mail_config_id,mail_content_id,mail_content_type,readonly,uuid) VALUES (322,3,1,22,22,true,'49d411d5-f85b-4995-b687-9386bdfb6620');

INSERT INTO mail_content_lang (id,language,mail_config_id,mail_content_id,mail_content_type,readonly,uuid) VALUES (323,3,1,23,23,true,'e8a14781-83cf-4ac0-b7c5-796bed26eed6');

INSERT INTO mail_content_lang (id,language,mail_config_id,mail_content_id,mail_content_type,readonly,uuid) VALUES (324,3,1,24,24,true,'0ae957f5-05c1-4c49-9f70-785a4a6c1347');

INSERT INTO mail_content_lang (id,language,mail_config_id,mail_content_id,mail_content_type,readonly,uuid) VALUES (325,3,1,25,25,true,'88385379-7e91-4352-95a1-0961e7257368');

INSERT INTO mail_content_lang (id,language,mail_config_id,mail_content_id,mail_content_type,readonly,uuid) VALUES (326,3,1,26,26,true,'9bc9a409-f9d4-4b98-98e9-b5fabb5ff693');

INSERT INTO mail_content_lang (id,language,mail_config_id,mail_content_id,mail_content_type,readonly,uuid) VALUES (327,3,1,27,27,true,'45525ca9-7caf-421b-a312-05f53e2c7e29');

INSERT INTO mail_content_lang (id,language,mail_config_id,mail_content_id,mail_content_type,readonly,uuid) VALUES (328,3,1,28,28,true,'403f4f41-9289-4b92-ab3d-3690acd86c1a');

INSERT INTO mail_content_lang (id,language,mail_config_id,mail_content_id,mail_content_type,readonly,uuid) VALUES (329,3,1,29,29,true,'10395e20-8f41-41bf-95bf-99f7c4eeeabb');

INSERT INTO mail_content_lang (id,language,mail_config_id,mail_content_id,mail_content_type,readonly,uuid) VALUES (330,3,1,30,30,true,'d4bec4da-f2cb-4cca-9fc2-8670354dc578');

INSERT INTO mail_content_lang (id,language,mail_config_id,mail_content_id,mail_content_type,readonly,uuid) VALUES (331,3,1,31,31,true,'11fd4bcc-81db-4838-9213-1a526b2d5cd9');

INSERT INTO mail_content_lang (id,language,mail_config_id,mail_content_id,mail_content_type,readonly,uuid) VALUES (332,3,1,32,32,true,'c2b6192e-131a-4a4c-a85f-78792b1f38f3');

INSERT INTO mail_content_lang (id,language,mail_config_id,mail_content_id,mail_content_type,readonly,uuid) VALUES (333,3,1,33,33,true,'5d45f6bf-b101-4db4-9513-0b5dd9474560');

INSERT INTO mail_content_lang (id,language,mail_config_id,mail_content_id,mail_content_type,readonly,uuid) VALUES (334,3,1,34,34,true,'48ce7e17-0d97-47a1-8977-d3a42df2921e');

INSERT INTO mail_content_lang (id,language,mail_config_id,mail_content_id,mail_content_type,readonly,uuid) VALUES (335,3,1,35,35,true,'50f5f20d-0734-4f5d-80bd-1d68fea2060c');

INSERT INTO mail_content_lang (id,language,mail_config_id,mail_content_id,mail_content_type,readonly,uuid) VALUES (336,3,1,36,36,true,'015664c3-61ce-48cc-81be-9b4e413f3355');

INSERT INTO mail_content_lang (id,language,mail_config_id,mail_content_id,mail_content_type,readonly,uuid) VALUES (337,3,1,37,37,true,'64ff5e0d-8abf-423e-8869-37b7f92b2d93');

INSERT INTO mail_content_lang (id,language,mail_config_id,mail_content_id,mail_content_type,readonly,uuid) VALUES (339,3,1,39,39,true,'146b3d7c-a1d9-4873-9545-6d720d257710');

INSERT INTO mail_content_lang (id,language,mail_config_id,mail_content_id,mail_content_type,readonly,uuid) VALUES (340,3,1,40,40,true,'643faedc-b571-4a2f-94f7-85bf0bbed627');

INSERT INTO mail_content_lang (id,language,mail_content_id,mail_config_id,mail_content_type,readonly,uuid) VALUES (341,3,41,1,41,true,'41866136-666c-4278-9093-5b44cb5069d7');

INSERT INTO mail_content_lang (id,language,mail_content_id,mail_config_id,mail_content_type,readonly,uuid) VALUES (342,3,42,1,42,true,'2ca93a77-0b6e-4723-904c-0ce906c3438a');

INSERT INTO mail_content_lang (id,language,mail_content_id,mail_config_id,mail_content_type,readonly,uuid) VALUES (343,3,43,1,43,true,'70321d34-32a5-42d1-8c66-2eac4c84c5a6');

INSERT INTO mail_content_lang (id,language,mail_content_id,mail_config_id,mail_content_type,readonly,uuid) VALUES (344,3,44,1,44,true,'88af3711-9068-4c89-bb56-811fc2fd4187');

INSERT INTO mail_content_lang (id,language,mail_content_id,mail_config_id,mail_content_type,readonly,uuid) VALUES (345,3,45,1,45,true,'3667ad78-8776-40b9-b910-f9b1a69b6c06');

-- SHARE_ANONYMOUS_RESET_PASSWORD
-- -- mail content table 
INSERT INTO mail_content 
	(body,creation_date,description,domain_abstract_id,
	id, mail_content_type, messages_english, messages_french, 
	messages_russian, messages_vietnamese, modification_date, readonly,subject,
	uuid, visible)
VALUES 
	('',NOW(),'', 1, 
	38, 38,'','','',
	'', NOW(),true,'',
	'cea69b9c-7e38-11ea-ba25-7307bfa8c28e',true);
INSERT INTO mail_content_lang 
	(id,language, mail_config_id, mail_content_id, 
	mail_content_type, readonly, uuid)
VALUES
-- -- mail_content_lang table (en) 
	(38, 0, 1, 38,
	38,true,'d4a62580-7e38-11ea-a959-7b71cac4767c'),
-- -- mail_content_lang table (fr)
	(138, 1, 1, 38,
	38, true, 'df2c01dc-7e38-11ea-84b1-ef277e1a9180'),
-- -- mail_content_lang table (ru)
	(238, 2, 1, 38,
	38, true, 'cea69b9c-7e38-11ea-ba25-7307bfa8c28e'),
-- -- mail_content_lang table (vi)
	(338, 3, 1, 38,
	38, true, '760ab9cf-7ffe-497e-b2c7-0ac825963b19');

INSERT INTO mail_footer (creation_date,description,domain_abstract_id,footer,id,messages_english,messages_french,messages_russian,messages_vietnamese,modification_date,readonly,uuid,visible) VALUES (NOW(),'footer html',1,'',1,'','','','',NOW(),true,'e85f4a22-8cf2-11e3-8a7a-5404a683a462',true);

INSERT INTO mail_footer_lang (id,language,mail_config_id,mail_footer_id,readonly,uuid) VALUES (1,0,1,1,true,'bf87e580-fb25-49bb-8d63-579a31a8f81e');

INSERT INTO mail_footer_lang (id,language,mail_config_id,mail_footer_id,readonly,uuid) VALUES (2,1,1,1,true,'a6c8ee84-b5a8-4c96-b148-43301fbccdd9');

INSERT INTO mail_footer_lang (id,language,mail_config_id,mail_footer_id,readonly,uuid) VALUES (3,2,1,1,true,'a6c8ee84-b5a8-4c96-b148-43301fbccde8');

INSERT INTO mail_footer_lang (id,language,mail_config_id,mail_footer_id,readonly,uuid) VALUES (4,3,1,1,true,'44bdbb94-99c2-405a-85e8-a061410d4279');

UPDATE domain_abstract SET mailconfig_id = 1;
